,Provider,Name,Longitude,Latitude,Elevation,year,month,HNsum,HSmean_gapfill,HSmax_gapfill
654024,CH_SLF,Splugen,9.32862053277014,46.5546093589044,1457.0,1964,1,37.0,32.5483870967742,46.0
654025,CH_SLF,Splugen,9.32862053277014,46.5546093589044,1457.0,1964,2,7.0,35.7241379310345,39.0
654026,CH_SLF,Splugen,9.32862053277014,46.5546093589044,1457.0,1964,3,62.0,19.0,38.0
654027,CH_SLF,Splugen,9.32862053277014,46.5546093589044,1457.0,1964,4,10.0,1.06666666666667,14.0
654028,CH_SLF,Splugen,9.32862053277014,46.5546093589044,1457.0,1964,5,,0.0,0.0
654029,CH_SLF,Splugen,9.32862053277014,46.5546093589044,1457.0,1964,6,,,
654030,CH_SLF,Splugen,9.32862053277014,46.5546093589044,1457.0,1964,7,,,
654031,CH_SLF,Splugen,9.32862053277014,46.5546093589044,1457.0,1964,8,,,
654032,CH_SLF,Splugen,9.32862053277014,46.5546093589044,1457.0,1964,9,,,
654033,CH_SLF,Splugen,9.32862053277014,46.5546093589044,1457.0,1964,10,,2.64516129032258,15.0
654034,CH_SLF,Splugen,9.32862053277014,46.5546093589044,1457.0,1964,11,102.0,3.96666666666667,84.0
654035,CH_SLF,Splugen,9.32862053277014,46.5546093589044,1457.0,1964,12,69.0,54.9354838709678,78.0
654036,CH_SLF,Splugen,9.32862053277014,46.5546093589044,1457.0,1965,1,43.0,57.0645161290323,68.0
654037,CH_SLF,Splugen,9.32862053277014,46.5546093589044,1457.0,1965,2,31.0,66.1428571428571,71.0
654038,CH_SLF,Splugen,9.32862053277014,46.5546093589044,1457.0,1965,3,63.0,68.3870967741936,95.0
654039,CH_SLF,Splugen,9.32862053277014,46.5546093589044,1457.0,1965,4,14.0,7.46666666666667,37.0
654040,CH_SLF,Splugen,9.32862053277014,46.5546093589044,1457.0,1965,5,,1.93548387096774,10.0
654041,CH_SLF,Splugen,9.32862053277014,46.5546093589044,1457.0,1965,6,,,
654042,CH_SLF,Splugen,9.32862053277014,46.5546093589044,1457.0,1965,7,,,
654043,CH_SLF,Splugen,9.32862053277014,46.5546093589044,1457.0,1965,8,,,
654044,CH_SLF,Splugen,9.32862053277014,46.5546093589044,1457.0,1965,9,,,
654045,CH_SLF,Splugen,9.32862053277014,46.5546093589044,1457.0,1965,10,,0.0,0.0
654046,CH_SLF,Splugen,9.32862053277014,46.5546093589044,1457.0,1965,11,38.0,7.56666666666667,20.0
654047,CH_SLF,Splugen,9.32862053277014,46.5546093589044,1457.0,1965,12,110.0,48.5806451612903,80.0
654048,CH_SLF,Splugen,9.32862053277014,46.5546093589044,1457.0,1966,1,42.0,59.4193548387097,74.0
654049,CH_SLF,Splugen,9.32862053277014,46.5546093589044,1457.0,1966,2,52.0,62.25,80.0
654050,CH_SLF,Splugen,9.32862053277014,46.5546093589044,1457.0,1966,3,33.0,64.3225806451613,72.0
654051,CH_SLF,Splugen,9.32862053277014,46.5546093589044,1457.0,1966,4,32.0,19.2,58.0
654052,CH_SLF,Splugen,9.32862053277014,46.5546093589044,1457.0,1966,5,,4.0,29.0
654053,CH_SLF,Splugen,9.32862053277014,46.5546093589044,1457.0,1966,6,,,
654054,CH_SLF,Splugen,9.32862053277014,46.5546093589044,1457.0,1966,7,,,
654055,CH_SLF,Splugen,9.32862053277014,46.5546093589044,1457.0,1966,8,,,
654056,CH_SLF,Splugen,9.32862053277014,46.5546093589044,1457.0,1966,9,,,
654057,CH_SLF,Splugen,9.32862053277014,46.5546093589044,1457.0,1966,10,,2.90322580645161,29.0
654058,CH_SLF,Splugen,9.32862053277014,46.5546093589044,1457.0,1966,11,134.0,49.1,99.0
654059,CH_SLF,Splugen,9.32862053277014,46.5546093589044,1457.0,1966,12,129.0,79.3870967741936,95.0
654060,CH_SLF,Splugen,9.32862053277014,46.5546093589044,1457.0,1967,1,17.0,84.5483870967742,93.0
654061,CH_SLF,Splugen,9.32862053277014,46.5546093589044,1457.0,1967,2,38.0,80.9285714285714,96.0
654062,CH_SLF,Splugen,9.32862053277014,46.5546093589044,1457.0,1967,3,92.0,77.3225806451613,104.0
654063,CH_SLF,Splugen,9.32862053277014,46.5546093589044,1457.0,1967,4,38.0,43.6,71.0
654064,CH_SLF,Splugen,9.32862053277014,46.5546093589044,1457.0,1967,5,,10.6451612903226,41.0
654065,CH_SLF,Splugen,9.32862053277014,46.5546093589044,1457.0,1967,6,,,
654066,CH_SLF,Splugen,9.32862053277014,46.5546093589044,1457.0,1967,7,,,
654067,CH_SLF,Splugen,9.32862053277014,46.5546093589044,1457.0,1967,8,,,
654068,CH_SLF,Splugen,9.32862053277014,46.5546093589044,1457.0,1967,9,,,
654069,CH_SLF,Splugen,9.32862053277014,46.5546093589044,1457.0,1967,10,,1.16129032258065,20.0
654070,CH_SLF,Splugen,9.32862053277014,46.5546093589044,1457.0,1967,11,77.0,16.5666666666667,40.0
654071,CH_SLF,Splugen,9.32862053277014,46.5546093589044,1457.0,1967,12,44.0,26.2903225806452,35.0
654072,CH_SLF,Splugen,9.32862053277014,46.5546093589044,1457.0,1968,1,182.0,64.5806451612903,118.0
654073,CH_SLF,Splugen,9.32862053277014,46.5546093589044,1457.0,1968,2,153.0,104.551724137931,137.0
654074,CH_SLF,Splugen,9.32862053277014,46.5546093589044,1457.0,1968,3,86.0,103.903225806452,135.0
654075,CH_SLF,Splugen,9.32862053277014,46.5546093589044,1457.0,1968,4,57.0,35.8333333333333,72.0
654076,CH_SLF,Splugen,9.32862053277014,46.5546093589044,1457.0,1968,5,,1.58064516129032,17.0
654077,CH_SLF,Splugen,9.32862053277014,46.5546093589044,1457.0,1968,6,,,
654078,CH_SLF,Splugen,9.32862053277014,46.5546093589044,1457.0,1968,7,,,
654079,CH_SLF,Splugen,9.32862053277014,46.5546093589044,1457.0,1968,8,,,
654080,CH_SLF,Splugen,9.32862053277014,46.5546093589044,1457.0,1968,9,,,
654081,CH_SLF,Splugen,9.32862053277014,46.5546093589044,1457.0,1968,10,,0.0,0.0
654082,CH_SLF,Splugen,9.32862053277014,46.5546093589044,1457.0,1968,11,55.0,15.1666666666667,46.0
654083,CH_SLF,Splugen,9.32862053277014,46.5546093589044,1457.0,1968,12,58.0,32.9677419354839,62.0
654084,CH_SLF,Splugen,9.32862053277014,46.5546093589044,1457.0,1969,1,76.0,63.4193548387097,84.0
654085,CH_SLF,Splugen,9.32862053277014,46.5546093589044,1457.0,1969,2,82.0,75.6785714285714,93.0
654086,CH_SLF,Splugen,9.32862053277014,46.5546093589044,1457.0,1969,3,5.0,60.4838709677419,85.0
654087,CH_SLF,Splugen,9.32862053277014,46.5546093589044,1457.0,1969,4,39.0,13.0,44.0
654088,CH_SLF,Splugen,9.32862053277014,46.5546093589044,1457.0,1969,5,,0.451612903225806,3.0
654089,CH_SLF,Splugen,9.32862053277014,46.5546093589044,1457.0,1969,6,,,
654090,CH_SLF,Splugen,9.32862053277014,46.5546093589044,1457.0,1969,7,,,
654091,CH_SLF,Splugen,9.32862053277014,46.5546093589044,1457.0,1969,8,,,
654092,CH_SLF,Splugen,9.32862053277014,46.5546093589044,1457.0,1969,9,,,
654093,CH_SLF,Splugen,9.32862053277014,46.5546093589044,1457.0,1969,10,,0.0,0.0
654094,CH_SLF,Splugen,9.32862053277014,46.5546093589044,1457.0,1969,11,98.0,25.7,65.0
654095,CH_SLF,Splugen,9.32862053277014,46.5546093589044,1457.0,1969,12,20.0,41.5483870967742,47.0
654096,CH_SLF,Splugen,9.32862053277014,46.5546093589044,1457.0,1970,1,50.0,53.4193548387097,68.0
654097,CH_SLF,Splugen,9.32862053277014,46.5546093589044,1457.0,1970,2,125.0,94.7857142857143,109.0
654098,CH_SLF,Splugen,9.32862053277014,46.5546093589044,1457.0,1970,3,60.0,99.3225806451613,113.0
654099,CH_SLF,Splugen,9.32862053277014,46.5546093589044,1457.0,1970,4,159.0,95.2,134.0
654100,CH_SLF,Splugen,9.32862053277014,46.5546093589044,1457.0,1970,5,,25.258064516129,80.0
654101,CH_SLF,Splugen,9.32862053277014,46.5546093589044,1457.0,1970,6,,,
654102,CH_SLF,Splugen,9.32862053277014,46.5546093589044,1457.0,1970,7,,,
654103,CH_SLF,Splugen,9.32862053277014,46.5546093589044,1457.0,1970,8,,,
654104,CH_SLF,Splugen,9.32862053277014,46.5546093589044,1457.0,1970,9,,,
654105,CH_SLF,Splugen,9.32862053277014,46.5546093589044,1457.0,1970,10,29.0,1.06451612903226,10.0
654106,CH_SLF,Splugen,9.32862053277014,46.5546093589044,1457.0,1970,11,66.0,11.8333333333333,34.0
654107,CH_SLF,Splugen,9.32862053277014,46.5546093589044,1457.0,1970,12,67.0,21.4193548387097,54.0
654108,CH_SLF,Splugen,9.32862053277014,46.5546093589044,1457.0,1971,1,65.0,48.5161290322581,71.0
654109,CH_SLF,Splugen,9.32862053277014,46.5546093589044,1457.0,1971,2,57.0,61.1785714285714,73.0
654110,CH_SLF,Splugen,9.32862053277014,46.5546093589044,1457.0,1971,3,49.0,66.9677419354839,82.0
654111,CH_SLF,Splugen,9.32862053277014,46.5546093589044,1457.0,1971,4,4.0,10.3666666666667,53.0
654112,CH_SLF,Splugen,9.32862053277014,46.5546093589044,1457.0,1971,5,,0.0645161290322581,2.0
654113,CH_SLF,Splugen,9.32862053277014,46.5546093589044,1457.0,1971,6,,,
654114,CH_SLF,Splugen,9.32862053277014,46.5546093589044,1457.0,1971,7,,,
654115,CH_SLF,Splugen,9.32862053277014,46.5546093589044,1457.0,1971,8,,,
654116,CH_SLF,Splugen,9.32862053277014,46.5546093589044,1457.0,1971,9,,,
654117,CH_SLF,Splugen,9.32862053277014,46.5546093589044,1457.0,1971,10,,0.0,0.0
654118,CH_SLF,Splugen,9.32862053277014,46.5546093589044,1457.0,1971,11,81.0,21.1,40.0
654119,CH_SLF,Splugen,9.32862053277014,46.5546093589044,1457.0,1971,12,43.0,43.9677419354839,53.0
654120,CH_SLF,Splugen,9.32862053277014,46.5546093589044,1457.0,1972,1,65.0,61.1290322580645,78.0
654121,CH_SLF,Splugen,9.32862053277014,46.5546093589044,1457.0,1972,2,55.0,59.2068965517241,70.0
654122,CH_SLF,Splugen,9.32862053277014,46.5546093589044,1457.0,1972,3,95.0,55.6129032258065,110.0
654123,CH_SLF,Splugen,9.32862053277014,46.5546093589044,1457.0,1972,4,46.0,2.93333333333333,17.0
654124,CH_SLF,Splugen,9.32862053277014,46.5546093589044,1457.0,1972,5,,0.161290322580645,1.0
654125,CH_SLF,Splugen,9.32862053277014,46.5546093589044,1457.0,1972,6,,,
654126,CH_SLF,Splugen,9.32862053277014,46.5546093589044,1457.0,1972,7,,,
654127,CH_SLF,Splugen,9.32862053277014,46.5546093589044,1457.0,1972,8,,,
654128,CH_SLF,Splugen,9.32862053277014,46.5546093589044,1457.0,1972,9,,,
654129,CH_SLF,Splugen,9.32862053277014,46.5546093589044,1457.0,1972,10,31.0,1.54838709677419,20.0
654130,CH_SLF,Splugen,9.32862053277014,46.5546093589044,1457.0,1972,11,22.0,1.63333333333333,8.0
654131,CH_SLF,Splugen,9.32862053277014,46.5546093589044,1457.0,1972,12,12.0,3.25806451612903,10.0
654132,CH_SLF,Splugen,9.32862053277014,46.5546093589044,1457.0,1973,1,62.0,17.0322580645161,38.0
654133,CH_SLF,Splugen,9.32862053277014,46.5546093589044,1457.0,1973,2,59.0,36.8928571428572,52.0
654134,CH_SLF,Splugen,9.32862053277014,46.5546093589044,1457.0,1973,3,22.0,40.6774193548387,47.0
654135,CH_SLF,Splugen,9.32862053277014,46.5546093589044,1457.0,1973,4,124.0,25.0,81.0
654136,CH_SLF,Splugen,9.32862053277014,46.5546093589044,1457.0,1973,5,,1.64516129032258,11.0
654137,CH_SLF,Splugen,9.32862053277014,46.5546093589044,1457.0,1973,6,,,
654138,CH_SLF,Splugen,9.32862053277014,46.5546093589044,1457.0,1973,7,,,
654139,CH_SLF,Splugen,9.32862053277014,46.5546093589044,1457.0,1973,8,,,
654140,CH_SLF,Splugen,9.32862053277014,46.5546093589044,1457.0,1973,9,,0.037037037037037,1.0
654141,CH_SLF,Splugen,9.32862053277014,46.5546093589044,1457.0,1973,10,,1.64516129032258,20.0
654142,CH_SLF,Splugen,9.32862053277014,46.5546093589044,1457.0,1973,11,16.0,0.6,13.0
654143,CH_SLF,Splugen,9.32862053277014,46.5546093589044,1457.0,1973,12,87.0,25.0,45.0
654144,CH_SLF,Splugen,9.32862053277014,46.5546093589044,1457.0,1974,1,40.0,40.7741935483871,53.0
654145,CH_SLF,Splugen,9.32862053277014,46.5546093589044,1457.0,1974,2,118.0,76.5714285714286,97.0
654146,CH_SLF,Splugen,9.32862053277014,46.5546093589044,1457.0,1974,3,51.0,74.4516129032258,106.0
654147,CH_SLF,Splugen,9.32862053277014,46.5546093589044,1457.0,1974,4,28.0,5.53333333333333,32.0
654148,CH_SLF,Splugen,9.32862053277014,46.5546093589044,1457.0,1974,5,,0.193548387096774,2.0
654149,CH_SLF,Splugen,9.32862053277014,46.5546093589044,1457.0,1974,6,,,
654150,CH_SLF,Splugen,9.32862053277014,46.5546093589044,1457.0,1974,7,,,
654151,CH_SLF,Splugen,9.32862053277014,46.5546093589044,1457.0,1974,8,,,
654152,CH_SLF,Splugen,9.32862053277014,46.5546093589044,1457.0,1974,9,,0.931034482758621,14.0
654153,CH_SLF,Splugen,9.32862053277014,46.5546093589044,1457.0,1974,10,,8.83870967741935,28.0
654154,CH_SLF,Splugen,9.32862053277014,46.5546093589044,1457.0,1974,11,101.0,14.5,50.0
654155,CH_SLF,Splugen,9.32862053277014,46.5546093589044,1457.0,1974,12,73.0,43.2903225806452,56.0
654156,CH_SLF,Splugen,9.32862053277014,46.5546093589044,1457.0,1975,1,141.0,75.741935483871,108.0
654157,CH_SLF,Splugen,9.32862053277014,46.5546093589044,1457.0,1975,2,15.0,91.25,104.0
654158,CH_SLF,Splugen,9.32862053277014,46.5546093589044,1457.0,1975,3,213.0,101.935483870968,150.0
654159,CH_SLF,Splugen,9.32862053277014,46.5546093589044,1457.0,1975,4,330.0,152.266666666667,245.0
654160,CH_SLF,Splugen,9.32862053277014,46.5546093589044,1457.0,1975,5,9.0,21.2903225806452,74.0
654161,CH_SLF,Splugen,9.32862053277014,46.5546093589044,1457.0,1975,6,,0.407407407407407,10.0
654162,CH_SLF,Splugen,9.32862053277014,46.5546093589044,1457.0,1975,7,,,
654163,CH_SLF,Splugen,9.32862053277014,46.5546093589044,1457.0,1975,8,,,
654164,CH_SLF,Splugen,9.32862053277014,46.5546093589044,1457.0,1975,9,,0.0,0.0
654165,CH_SLF,Splugen,9.32862053277014,46.5546093589044,1457.0,1975,10,,9.06451612903226,50.0
654166,CH_SLF,Splugen,9.32862053277014,46.5546093589044,1457.0,1975,11,69.0,15.7666666666667,39.0
654167,CH_SLF,Splugen,9.32862053277014,46.5546093589044,1457.0,1975,12,69.0,53.7741935483871,86.0
654168,CH_SLF,Splugen,9.32862053277014,46.5546093589044,1457.0,1976,1,36.0,51.9032258064516,61.0
654169,CH_SLF,Splugen,9.32862053277014,46.5546093589044,1457.0,1976,2,6.0,55.8965517241379,58.0
654170,CH_SLF,Splugen,9.32862053277014,46.5546093589044,1457.0,1976,3,5.0,32.4516129032258,51.0
654171,CH_SLF,Splugen,9.32862053277014,46.5546093589044,1457.0,1976,4,30.0,2.33333333333333,25.0
654172,CH_SLF,Splugen,9.32862053277014,46.5546093589044,1457.0,1976,5,,0.0645161290322581,1.0
654173,CH_SLF,Splugen,9.32862053277014,46.5546093589044,1457.0,1976,6,,0.0,0.0
654174,CH_SLF,Splugen,9.32862053277014,46.5546093589044,1457.0,1976,7,,,
654175,CH_SLF,Splugen,9.32862053277014,46.5546093589044,1457.0,1976,8,,,
654176,CH_SLF,Splugen,9.32862053277014,46.5546093589044,1457.0,1976,9,,0.0666666666666667,1.0
654177,CH_SLF,Splugen,9.32862053277014,46.5546093589044,1457.0,1976,10,,1.32258064516129,18.0
654178,CH_SLF,Splugen,9.32862053277014,46.5546093589044,1457.0,1976,11,29.0,7.6,12.0
654179,CH_SLF,Splugen,9.32862053277014,46.5546093589044,1457.0,1976,12,43.0,22.8387096774194,28.0
654180,CH_SLF,Splugen,9.32862053277014,46.5546093589044,1457.0,1977,1,146.0,66.6451612903226,113.0
654181,CH_SLF,Splugen,9.32862053277014,46.5546093589044,1457.0,1977,2,95.0,77.0357142857143,107.0
654182,CH_SLF,Splugen,9.32862053277014,46.5546093589044,1457.0,1977,3,85.0,71.6774193548387,92.0
654183,CH_SLF,Splugen,9.32862053277014,46.5546093589044,1457.0,1977,4,45.0,32.3,58.0
654184,CH_SLF,Splugen,9.32862053277014,46.5546093589044,1457.0,1977,5,,0.290322580645161,4.0
654185,CH_SLF,Splugen,9.32862053277014,46.5546093589044,1457.0,1977,6,,0.0,0.0
654186,CH_SLF,Splugen,9.32862053277014,46.5546093589044,1457.0,1977,7,,,
654187,CH_SLF,Splugen,9.32862053277014,46.5546093589044,1457.0,1977,8,,,
654188,CH_SLF,Splugen,9.32862053277014,46.5546093589044,1457.0,1977,9,,0.0,0.0
654189,CH_SLF,Splugen,9.32862053277014,46.5546093589044,1457.0,1977,10,,0.0,0.0
654190,CH_SLF,Splugen,9.32862053277014,46.5546093589044,1457.0,1977,11,44.0,8.43333333333333,32.0
654191,CH_SLF,Splugen,9.32862053277014,46.5546093589044,1457.0,1977,12,33.0,13.6451612903226,31.0
654192,CH_SLF,Splugen,9.32862053277014,46.5546093589044,1457.0,1978,1,237.0,71.0645161290323,121.0
654193,CH_SLF,Splugen,9.32862053277014,46.5546093589044,1457.0,1978,2,96.0,96.3928571428571,114.0
654194,CH_SLF,Splugen,9.32862053277014,46.5546093589044,1457.0,1978,3,96.0,81.2258064516129,102.0
654195,CH_SLF,Splugen,9.32862053277014,46.5546093589044,1457.0,1978,4,107.0,62.4666666666667,138.0
654196,CH_SLF,Splugen,9.32862053277014,46.5546093589044,1457.0,1978,5,7.0,1.25806451612903,18.0
654197,CH_SLF,Splugen,9.32862053277014,46.5546093589044,1457.0,1978,6,,0.266666666666667,4.0
654198,CH_SLF,Splugen,9.32862053277014,46.5546093589044,1457.0,1978,7,,,
654199,CH_SLF,Splugen,9.32862053277014,46.5546093589044,1457.0,1978,8,,,
654200,CH_SLF,Splugen,9.32862053277014,46.5546093589044,1457.0,1978,9,,0.0,0.0
654201,CH_SLF,Splugen,9.32862053277014,46.5546093589044,1457.0,1978,10,57.0,5.64516129032258,57.0
654202,CH_SLF,Splugen,9.32862053277014,46.5546093589044,1457.0,1978,11,10.0,1.36666666666667,10.0
654203,CH_SLF,Splugen,9.32862053277014,46.5546093589044,1457.0,1978,12,22.0,7.29032258064516,13.0
654204,CH_SLF,Splugen,9.32862053277014,46.5546093589044,1457.0,1979,1,70.0,22.7096774193548,43.0
654205,CH_SLF,Splugen,9.32862053277014,46.5546093589044,1457.0,1979,2,19.0,33.4642857142857,42.0
654206,CH_SLF,Splugen,9.32862053277014,46.5546093589044,1457.0,1979,3,151.0,44.0967741935484,88.0
654207,CH_SLF,Splugen,9.32862053277014,46.5546093589044,1457.0,1979,4,63.0,37.3333333333333,64.0
654208,CH_SLF,Splugen,9.32862053277014,46.5546093589044,1457.0,1979,5,,4.87096774193548,21.0
654209,CH_SLF,Splugen,9.32862053277014,46.5546093589044,1457.0,1979,6,,1.0,16.0
654210,CH_SLF,Splugen,9.32862053277014,46.5546093589044,1457.0,1979,7,,,
654211,CH_SLF,Splugen,9.32862053277014,46.5546093589044,1457.0,1979,8,,,
654212,CH_SLF,Splugen,9.32862053277014,46.5546093589044,1457.0,1979,9,,1.5,24.0
654213,CH_SLF,Splugen,9.32862053277014,46.5546093589044,1457.0,1979,10,0.0,0.0,0.0
654214,CH_SLF,Splugen,9.32862053277014,46.5546093589044,1457.0,1979,11,102.0,30.6333333333333,66.0
654215,CH_SLF,Splugen,9.32862053277014,46.5546093589044,1457.0,1979,12,122.0,55.8387096774194,96.0
654216,CH_SLF,Splugen,9.32862053277014,46.5546093589044,1457.0,1980,1,51.0,80.0967741935484,87.0
654217,CH_SLF,Splugen,9.32862053277014,46.5546093589044,1457.0,1980,2,34.0,84.4827586206897,94.0
654218,CH_SLF,Splugen,9.32862053277014,46.5546093589044,1457.0,1980,3,61.0,84.7096774193548,95.0
654219,CH_SLF,Splugen,9.32862053277014,46.5546093589044,1457.0,1980,4,26.0,33.8,75.0
654220,CH_SLF,Splugen,9.32862053277014,46.5546093589044,1457.0,1980,5,0.0,0.0,0.0
654221,CH_SLF,Splugen,9.32862053277014,46.5546093589044,1457.0,1980,6,,0.0333333333333333,1.0
654222,CH_SLF,Splugen,9.32862053277014,46.5546093589044,1457.0,1980,7,,,
654223,CH_SLF,Splugen,9.32862053277014,46.5546093589044,1457.0,1980,8,,,
654224,CH_SLF,Splugen,9.32862053277014,46.5546093589044,1457.0,1980,9,,0.0,0.0
654225,CH_SLF,Splugen,9.32862053277014,46.5546093589044,1457.0,1980,10,41.0,4.06451612903226,20.0
654226,CH_SLF,Splugen,9.32862053277014,46.5546093589044,1457.0,1980,11,33.0,3.83333333333333,23.0
654227,CH_SLF,Splugen,9.32862053277014,46.5546093589044,1457.0,1980,12,41.0,26.741935483871,33.0
654228,CH_SLF,Splugen,9.32862053277014,46.5546093589044,1457.0,1981,1,130.0,64.4193548387097,89.0
654229,CH_SLF,Splugen,9.32862053277014,46.5546093589044,1457.0,1981,2,21.0,74.3214285714286,84.0
654230,CH_SLF,Splugen,9.32862053277014,46.5546093589044,1457.0,1981,3,63.0,58.4838709677419,86.0
654231,CH_SLF,Splugen,9.32862053277014,46.5546093589044,1457.0,1981,4,34.0,2.33333333333333,21.0
654232,CH_SLF,Splugen,9.32862053277014,46.5546093589044,1457.0,1981,5,22.0,0.870967741935484,15.0
654233,CH_SLF,Splugen,9.32862053277014,46.5546093589044,1457.0,1981,6,,0.0,0.0
654234,CH_SLF,Splugen,9.32862053277014,46.5546093589044,1457.0,1981,7,,,
654235,CH_SLF,Splugen,9.32862053277014,46.5546093589044,1457.0,1981,8,,,
654236,CH_SLF,Splugen,9.32862053277014,46.5546093589044,1457.0,1981,9,,0.0,0.0
654237,CH_SLF,Splugen,9.32862053277014,46.5546093589044,1457.0,1981,10,85.0,12.5806451612903,63.0
654238,CH_SLF,Splugen,9.32862053277014,46.5546093589044,1457.0,1981,11,28.0,18.7,32.0
654239,CH_SLF,Splugen,9.32862053277014,46.5546093589044,1457.0,1981,12,181.0,59.0645161290323,87.0
654240,CH_SLF,Splugen,9.32862053277014,46.5546093589044,1457.0,1982,1,97.0,87.5161290322581,147.0
654241,CH_SLF,Splugen,9.32862053277014,46.5546093589044,1457.0,1982,2,12.0,104.642857142857,123.0
654242,CH_SLF,Splugen,9.32862053277014,46.5546093589044,1457.0,1982,3,103.0,107.193548387097,135.0
654243,CH_SLF,Splugen,9.32862053277014,46.5546093589044,1457.0,1982,4,6.0,27.8333333333333,98.0
654244,CH_SLF,Splugen,9.32862053277014,46.5546093589044,1457.0,1982,5,54.0,3.51612903225806,32.0
654245,CH_SLF,Splugen,9.32862053277014,46.5546093589044,1457.0,1982,6,,0.0,0.0
654246,CH_SLF,Splugen,9.32862053277014,46.5546093589044,1457.0,1982,7,,,
654247,CH_SLF,Splugen,9.32862053277014,46.5546093589044,1457.0,1982,8,,,
654248,CH_SLF,Splugen,9.32862053277014,46.5546093589044,1457.0,1982,9,,0.0,0.0
654249,CH_SLF,Splugen,9.32862053277014,46.5546093589044,1457.0,1982,10,12.0,0.387096774193548,12.0
654250,CH_SLF,Splugen,9.32862053277014,46.5546093589044,1457.0,1982,11,40.0,5.96666666666667,25.0
654251,CH_SLF,Splugen,9.32862053277014,46.5546093589044,1457.0,1982,12,60.0,14.258064516129,44.0
654252,CH_SLF,Splugen,9.32862053277014,46.5546093589044,1457.0,1983,1,116.0,49.8064516129032,91.0
654253,CH_SLF,Splugen,9.32862053277014,46.5546093589044,1457.0,1983,2,50.0,73.1071428571429,84.0
654254,CH_SLF,Splugen,9.32862053277014,46.5546093589044,1457.0,1983,3,59.0,56.5483870967742,79.0
654255,CH_SLF,Splugen,9.32862053277014,46.5546093589044,1457.0,1983,4,59.0,16.5,57.0
654256,CH_SLF,Splugen,9.32862053277014,46.5546093589044,1457.0,1983,5,71.0,4.7741935483871,32.0
654257,CH_SLF,Splugen,9.32862053277014,46.5546093589044,1457.0,1983,6,,0.0,0.0
654258,CH_SLF,Splugen,9.32862053277014,46.5546093589044,1457.0,1983,7,,,
654259,CH_SLF,Splugen,9.32862053277014,46.5546093589044,1457.0,1983,8,,,
654260,CH_SLF,Splugen,9.32862053277014,46.5546093589044,1457.0,1983,9,,0.0666666666666667,2.0
654261,CH_SLF,Splugen,9.32862053277014,46.5546093589044,1457.0,1983,10,0.0,0.0,0.0
654262,CH_SLF,Splugen,9.32862053277014,46.5546093589044,1457.0,1983,11,32.0,2.3,32.0
654263,CH_SLF,Splugen,9.32862053277014,46.5546093589044,1457.0,1983,12,110.0,40.7096774193548,81.0
654264,CH_SLF,Splugen,9.32862053277014,46.5546093589044,1457.0,1984,1,57.0,64.0322580645161,78.0
654265,CH_SLF,Splugen,9.32862053277014,46.5546093589044,1457.0,1984,2,112.0,89.9655172413793,109.0
654266,CH_SLF,Splugen,9.32862053277014,46.5546093589044,1457.0,1984,3,105.0,91.9354838709677,133.0
654267,CH_SLF,Splugen,9.32862053277014,46.5546093589044,1457.0,1984,4,69.0,84.4666666666667,126.0
654268,CH_SLF,Splugen,9.32862053277014,46.5546093589044,1457.0,1984,5,0.0,2.93548387096774,28.0
654269,CH_SLF,Splugen,9.32862053277014,46.5546093589044,1457.0,1984,6,,0.0,0.0
654270,CH_SLF,Splugen,9.32862053277014,46.5546093589044,1457.0,1984,7,,,
654271,CH_SLF,Splugen,9.32862053277014,46.5546093589044,1457.0,1984,8,,,
654272,CH_SLF,Splugen,9.32862053277014,46.5546093589044,1457.0,1984,9,,0.766666666666667,11.0
654273,CH_SLF,Splugen,9.32862053277014,46.5546093589044,1457.0,1984,10,0.0,0.0,0.0
654274,CH_SLF,Splugen,9.32862053277014,46.5546093589044,1457.0,1984,11,47.0,9.2,38.0
654275,CH_SLF,Splugen,9.32862053277014,46.5546093589044,1457.0,1984,12,46.0,24.8064516129032,47.0
654276,CH_SLF,Splugen,9.32862053277014,46.5546093589044,1457.0,1985,1,103.0,53.2258064516129,80.0
654277,CH_SLF,Splugen,9.32862053277014,46.5546093589044,1457.0,1985,2,13.0,63.1428571428572,72.0
654278,CH_SLF,Splugen,9.32862053277014,46.5546093589044,1457.0,1985,3,187.0,94.9354838709677,127.0
654279,CH_SLF,Splugen,9.32862053277014,46.5546093589044,1457.0,1985,4,72.0,56.2,98.0
654280,CH_SLF,Splugen,9.32862053277014,46.5546093589044,1457.0,1985,5,7.0,0.225806451612903,5.0
654281,CH_SLF,Splugen,9.32862053277014,46.5546093589044,1457.0,1985,6,,0.0,0.0
654282,CH_SLF,Splugen,9.32862053277014,46.5546093589044,1457.0,1985,7,,,
654283,CH_SLF,Splugen,9.32862053277014,46.5546093589044,1457.0,1985,8,,,
654284,CH_SLF,Splugen,9.32862053277014,46.5546093589044,1457.0,1985,9,,0.0,0.0
654285,CH_SLF,Splugen,9.32862053277014,46.5546093589044,1457.0,1985,10,0.0,0.0,0.0
654286,CH_SLF,Splugen,9.32862053277014,46.5546093589044,1457.0,1985,11,88.0,21.3333333333333,54.0
654287,CH_SLF,Splugen,9.32862053277014,46.5546093589044,1457.0,1985,12,34.0,22.6774193548387,35.0
654288,CH_SLF,Splugen,9.32862053277014,46.5546093589044,1457.0,1986,1,138.0,56.0,82.0
654289,CH_SLF,Splugen,9.32862053277014,46.5546093589044,1457.0,1986,2,57.0,92.9285714285714,114.0
654290,CH_SLF,Splugen,9.32862053277014,46.5546093589044,1457.0,1986,3,37.0,73.2903225806452,91.0
654291,CH_SLF,Splugen,9.32862053277014,46.5546093589044,1457.0,1986,4,247.0,70.5333333333333,115.0
654292,CH_SLF,Splugen,9.32862053277014,46.5546093589044,1457.0,1986,5,19.0,4.96774193548387,44.0
654293,CH_SLF,Splugen,9.32862053277014,46.5546093589044,1457.0,1986,6,,0.0333333333333333,1.0
654294,CH_SLF,Splugen,9.32862053277014,46.5546093589044,1457.0,1986,7,,,
654295,CH_SLF,Splugen,9.32862053277014,46.5546093589044,1457.0,1986,8,,,
654296,CH_SLF,Splugen,9.32862053277014,46.5546093589044,1457.0,1986,9,,0.0,0.0
654297,CH_SLF,Splugen,9.32862053277014,46.5546093589044,1457.0,1986,10,0.0,0.0,0.0
654298,CH_SLF,Splugen,9.32862053277014,46.5546093589044,1457.0,1986,11,27.0,4.7,19.0
654299,CH_SLF,Splugen,9.32862053277014,46.5546093589044,1457.0,1986,12,99.0,30.0322580645161,65.0
654300,CH_SLF,Splugen,9.32862053277014,46.5546093589044,1457.0,1987,1,44.0,61.2903225806452,72.0
654301,CH_SLF,Splugen,9.32862053277014,46.5546093589044,1457.0,1987,2,106.0,76.9285714285714,104.0
654302,CH_SLF,Splugen,9.32862053277014,46.5546093589044,1457.0,1987,3,51.0,88.0,104.0
654303,CH_SLF,Splugen,9.32862053277014,46.5546093589044,1457.0,1987,4,33.0,37.9666666666667,93.0
654304,CH_SLF,Splugen,9.32862053277014,46.5546093589044,1457.0,1987,5,39.0,2.19354838709677,28.0
654305,CH_SLF,Splugen,9.32862053277014,46.5546093589044,1457.0,1987,6,,0.166666666666667,2.0
654306,CH_SLF,Splugen,9.32862053277014,46.5546093589044,1457.0,1987,7,,,
654307,CH_SLF,Splugen,9.32862053277014,46.5546093589044,1457.0,1987,8,,,
654308,CH_SLF,Splugen,9.32862053277014,46.5546093589044,1457.0,1987,9,,0.0,0.0
654309,CH_SLF,Splugen,9.32862053277014,46.5546093589044,1457.0,1987,10,0.0,0.0,0.0
654310,CH_SLF,Splugen,9.32862053277014,46.5546093589044,1457.0,1987,11,48.0,6.63333333333333,30.0
654311,CH_SLF,Splugen,9.32862053277014,46.5546093589044,1457.0,1987,12,0.0,16.8709677419355,24.0
654312,CH_SLF,Splugen,9.32862053277014,46.5546093589044,1457.0,1988,1,90.0,32.0322580645161,54.0
654313,CH_SLF,Splugen,9.32862053277014,46.5546093589044,1457.0,1988,2,100.0,70.551724137931,98.0
654314,CH_SLF,Splugen,9.32862053277014,46.5546093589044,1457.0,1988,3,105.0,72.1612903225806,85.0
654315,CH_SLF,Splugen,9.32862053277014,46.5546093589044,1457.0,1988,4,1.0,24.8333333333333,72.0
654316,CH_SLF,Splugen,9.32862053277014,46.5546093589044,1457.0,1988,5,0.0,0.0,0.0
654317,CH_SLF,Splugen,9.32862053277014,46.5546093589044,1457.0,1988,6,,0.366666666666667,9.0
654318,CH_SLF,Splugen,9.32862053277014,46.5546093589044,1457.0,1988,7,,,
654319,CH_SLF,Splugen,9.32862053277014,46.5546093589044,1457.0,1988,8,,,
654320,CH_SLF,Splugen,9.32862053277014,46.5546093589044,1457.0,1988,9,,0.0,0.0
654321,CH_SLF,Splugen,9.32862053277014,46.5546093589044,1457.0,1988,10,2.0,0.0645161290322581,2.0
654322,CH_SLF,Splugen,9.32862053277014,46.5546093589044,1457.0,1988,11,8.0,1.76666666666667,7.0
654323,CH_SLF,Splugen,9.32862053277014,46.5546093589044,1457.0,1988,12,28.0,13.9032258064516,25.0
654324,CH_SLF,Splugen,9.32862053277014,46.5546093589044,1457.0,1989,1,0.0,22.9677419354839,24.0
654325,CH_SLF,Splugen,9.32862053277014,46.5546093589044,1457.0,1989,2,107.0,31.3928571428571,84.0
654326,CH_SLF,Splugen,9.32862053277014,46.5546093589044,1457.0,1989,3,70.0,41.0322580645161,69.0
654327,CH_SLF,Splugen,9.32862053277014,46.5546093589044,1457.0,1989,4,69.0,4.03333333333333,28.0
654328,CH_SLF,Splugen,9.32862053277014,46.5546093589044,1457.0,1989,5,0.0,0.0,0.0
654329,CH_SLF,Splugen,9.32862053277014,46.5546093589044,1457.0,1989,6,,0.233333333333333,4.0
654330,CH_SLF,Splugen,9.32862053277014,46.5546093589044,1457.0,1989,7,,,
654331,CH_SLF,Splugen,9.32862053277014,46.5546093589044,1457.0,1989,8,,,
654332,CH_SLF,Splugen,9.32862053277014,46.5546093589044,1457.0,1989,9,,0.0,0.0
654333,CH_SLF,Splugen,9.32862053277014,46.5546093589044,1457.0,1989,10,1.0,0.032258064516129,1.0
654334,CH_SLF,Splugen,9.32862053277014,46.5546093589044,1457.0,1989,11,23.0,4.63333333333333,19.0
654335,CH_SLF,Splugen,9.32862053277014,46.5546093589044,1457.0,1989,12,4.0,1.03225806451613,3.0
654336,CH_SLF,Splugen,9.32862053277014,46.5546093589044,1457.0,1990,1,17.0,4.19354838709677,14.0
654337,CH_SLF,Splugen,9.32862053277014,46.5546093589044,1457.0,1990,2,127.0,39.3214285714286,85.0
654338,CH_SLF,Splugen,9.32862053277014,46.5546093589044,1457.0,1990,3,18.0,28.4516129032258,64.0
654339,CH_SLF,Splugen,9.32862053277014,46.5546093589044,1457.0,1990,4,54.0,2.66666666666667,19.0
654340,CH_SLF,Splugen,9.32862053277014,46.5546093589044,1457.0,1990,5,1.0,0.032258064516129,1.0
654341,CH_SLF,Splugen,9.32862053277014,46.5546093589044,1457.0,1990,6,,0.0,0.0
654342,CH_SLF,Splugen,9.32862053277014,46.5546093589044,1457.0,1990,7,,,
654343,CH_SLF,Splugen,9.32862053277014,46.5546093589044,1457.0,1990,8,,,
654344,CH_SLF,Splugen,9.32862053277014,46.5546093589044,1457.0,1990,9,,0.0,0.0
654345,CH_SLF,Splugen,9.32862053277014,46.5546093589044,1457.0,1990,10,9.0,0.387096774193548,7.0
654346,CH_SLF,Splugen,9.32862053277014,46.5546093589044,1457.0,1990,11,129.0,19.0666666666667,75.0
654347,CH_SLF,Splugen,9.32862053277014,46.5546093589044,1457.0,1990,12,96.0,77.258064516129,108.0
654348,CH_SLF,Splugen,9.32862053277014,46.5546093589044,1457.0,1991,1,61.0,78.9677419354839,95.0
654349,CH_SLF,Splugen,9.32862053277014,46.5546093589044,1457.0,1991,2,22.0,79.1428571428572,90.0
654350,CH_SLF,Splugen,9.32862053277014,46.5546093589044,1457.0,1991,3,43.0,27.9677419354839,71.0
654351,CH_SLF,Splugen,9.32862053277014,46.5546093589044,1457.0,1991,4,28.0,1.23333333333333,12.0
654352,CH_SLF,Splugen,9.32862053277014,46.5546093589044,1457.0,1991,5,15.0,0.483870967741936,6.0
654353,CH_SLF,Splugen,9.32862053277014,46.5546093589044,1457.0,1991,6,,0.3,7.0
654354,CH_SLF,Splugen,9.32862053277014,46.5546093589044,1457.0,1991,7,,,
654355,CH_SLF,Splugen,9.32862053277014,46.5546093589044,1457.0,1991,8,,,
654356,CH_SLF,Splugen,9.32862053277014,46.5546093589044,1457.0,1991,9,,0.133333333333333,2.0
654357,CH_SLF,Splugen,9.32862053277014,46.5546093589044,1457.0,1991,10,9.0,0.32258064516129,5.0
654358,CH_SLF,Splugen,9.32862053277014,46.5546093589044,1457.0,1991,11,48.0,14.8333333333333,30.0
654359,CH_SLF,Splugen,9.32862053277014,46.5546093589044,1457.0,1991,12,114.0,45.4193548387097,95.0
654360,CH_SLF,Splugen,9.32862053277014,46.5546093589044,1457.0,1992,1,49.0,88.5161290322581,112.0
654361,CH_SLF,Splugen,9.32862053277014,46.5546093589044,1457.0,1992,2,84.0,110.344827586207,129.0
654362,CH_SLF,Splugen,9.32862053277014,46.5546093589044,1457.0,1992,3,117.0,93.6451612903226,120.0
654363,CH_SLF,Splugen,9.32862053277014,46.5546093589044,1457.0,1992,4,89.0,75.0,158.0
654364,CH_SLF,Splugen,9.32862053277014,46.5546093589044,1457.0,1992,5,0.0,0.032258064516129,1.0
654365,CH_SLF,Splugen,9.32862053277014,46.5546093589044,1457.0,1992,6,,0.0,0.0
654366,CH_SLF,Splugen,9.32862053277014,46.5546093589044,1457.0,1992,7,,,
654367,CH_SLF,Splugen,9.32862053277014,46.5546093589044,1457.0,1992,8,,,
654368,CH_SLF,Splugen,9.32862053277014,46.5546093589044,1457.0,1992,9,,0.2,3.0
654369,CH_SLF,Splugen,9.32862053277014,46.5546093589044,1457.0,1992,10,19.0,1.58064516129032,10.0
654370,CH_SLF,Splugen,9.32862053277014,46.5546093589044,1457.0,1992,11,35.0,6.16666666666667,27.0
654371,CH_SLF,Splugen,9.32862053277014,46.5546093589044,1457.0,1992,12,58.0,33.6129032258065,45.0
654372,CH_SLF,Splugen,9.32862053277014,46.5546093589044,1457.0,1993,1,28.0,33.3870967741936,50.0
654373,CH_SLF,Splugen,9.32862053277014,46.5546093589044,1457.0,1993,2,43.0,41.6428571428571,63.0
654374,CH_SLF,Splugen,9.32862053277014,46.5546093589044,1457.0,1993,3,29.0,37.9677419354839,52.0
654375,CH_SLF,Splugen,9.32862053277014,46.5546093589044,1457.0,1993,4,42.0,7.26666666666667,31.0
654376,CH_SLF,Splugen,9.32862053277014,46.5546093589044,1457.0,1993,5,8.0,0.258064516129032,8.0
654377,CH_SLF,Splugen,9.32862053277014,46.5546093589044,1457.0,1993,6,,0.0333333333333333,1.0
654378,CH_SLF,Splugen,9.32862053277014,46.5546093589044,1457.0,1993,7,,,
654379,CH_SLF,Splugen,9.32862053277014,46.5546093589044,1457.0,1993,8,,,
654380,CH_SLF,Splugen,9.32862053277014,46.5546093589044,1457.0,1993,9,,,
654381,CH_SLF,Splugen,9.32862053277014,46.5546093589044,1457.0,1993,10,77.0,6.74193548387097,34.0
654382,CH_SLF,Splugen,9.32862053277014,46.5546093589044,1457.0,1993,11,8.0,1.2,6.0
654383,CH_SLF,Splugen,9.32862053277014,46.5546093589044,1457.0,1993,12,101.0,20.7096774193548,51.0
654384,CH_SLF,Splugen,9.32862053277014,46.5546093589044,1457.0,1994,1,196.0,73.0645161290323,104.0
654385,CH_SLF,Splugen,9.32862053277014,46.5546093589044,1457.0,1994,2,54.0,105.928571428571,125.0
654386,CH_SLF,Splugen,9.32862053277014,46.5546093589044,1457.0,1994,3,14.0,70.3870967741936,100.0
654387,CH_SLF,Splugen,9.32862053277014,46.5546093589044,1457.0,1994,4,40.0,12.4666666666667,38.0
654388,CH_SLF,Splugen,9.32862053277014,46.5546093589044,1457.0,1994,5,0.0,0.0,0.0
654389,CH_SLF,Splugen,9.32862053277014,46.5546093589044,1457.0,1994,6,,,
654390,CH_SLF,Splugen,9.32862053277014,46.5546093589044,1457.0,1994,7,,,
654391,CH_SLF,Splugen,9.32862053277014,46.5546093589044,1457.0,1994,8,,,
654392,CH_SLF,Splugen,9.32862053277014,46.5546093589044,1457.0,1994,9,,,
654393,CH_SLF,Splugen,9.32862053277014,46.5546093589044,1457.0,1994,10,2.0,0.0645161290322581,2.0
654394,CH_SLF,Splugen,9.32862053277014,46.5546093589044,1457.0,1994,11,6.0,0.2,6.0
654395,CH_SLF,Splugen,9.32862053277014,46.5546093589044,1457.0,1994,12,19.0,3.35483870967742,11.0
654396,CH_SLF,Splugen,9.32862053277014,46.5546093589044,1457.0,1995,1,166.0,46.9677419354839,96.0
654397,CH_SLF,Splugen,9.32862053277014,46.5546093589044,1457.0,1995,2,66.0,60.6071428571429,77.0
654398,CH_SLF,Splugen,9.32862053277014,46.5546093589044,1457.0,1995,3,65.0,62.258064516129,80.0
654399,CH_SLF,Splugen,9.32862053277014,46.5546093589044,1457.0,1995,4,45.0,12.8,54.0
654400,CH_SLF,Splugen,9.32862053277014,46.5546093589044,1457.0,1995,5,2.0,0.0645161290322581,2.0
654401,CH_SLF,Splugen,9.32862053277014,46.5546093589044,1457.0,1995,6,,,
654402,CH_SLF,Splugen,9.32862053277014,46.5546093589044,1457.0,1995,7,,,
654403,CH_SLF,Splugen,9.32862053277014,46.5546093589044,1457.0,1995,8,,,
654404,CH_SLF,Splugen,9.32862053277014,46.5546093589044,1457.0,1995,9,,,
654405,CH_SLF,Splugen,9.32862053277014,46.5546093589044,1457.0,1995,10,0.0,0.0,0.0
654406,CH_SLF,Splugen,9.32862053277014,46.5546093589044,1457.0,1995,11,31.0,4.2,14.0
654407,CH_SLF,Splugen,9.32862053277014,46.5546093589044,1457.0,1995,12,30.0,7.51612903225807,15.0
654408,CH_SLF,Splugen,9.32862053277014,46.5546093589044,1457.0,1996,1,33.0,13.3548387096774,26.0
654409,CH_SLF,Splugen,9.32862053277014,46.5546093589044,1457.0,1996,2,43.0,19.3448275862069,34.0
654410,CH_SLF,Splugen,9.32862053277014,46.5546093589044,1457.0,1996,3,10.0,15.0322580645161,25.0
654411,CH_SLF,Splugen,9.32862053277014,46.5546093589044,1457.0,1996,4,4.0,0.133333333333333,2.0
654412,CH_SLF,Splugen,9.32862053277014,46.5546093589044,1457.0,1996,5,0.0,0.0,0.0
654413,CH_SLF,Splugen,9.32862053277014,46.5546093589044,1457.0,1996,6,,,
654414,CH_SLF,Splugen,9.32862053277014,46.5546093589044,1457.0,1996,7,,,
654415,CH_SLF,Splugen,9.32862053277014,46.5546093589044,1457.0,1996,8,,,
654416,CH_SLF,Splugen,9.32862053277014,46.5546093589044,1457.0,1996,9,,,
654417,CH_SLF,Splugen,9.32862053277014,46.5546093589044,1457.0,1996,10,0.0,0.0,0.0
654418,CH_SLF,Splugen,9.32862053277014,46.5546093589044,1457.0,1996,11,132.0,15.5,47.0
654419,CH_SLF,Splugen,9.32862053277014,46.5546093589044,1457.0,1996,12,22.0,33.4516129032258,51.0
654420,CH_SLF,Splugen,9.32862053277014,46.5546093589044,1457.0,1997,1,33.0,35.4193548387097,46.0
654421,CH_SLF,Splugen,9.32862053277014,46.5546093589044,1457.0,1997,2,39.0,36.2142857142857,49.0
654422,CH_SLF,Splugen,9.32862053277014,46.5546093589044,1457.0,1997,3,31.0,16.0,36.0
654423,CH_SLF,Splugen,9.32862053277014,46.5546093589044,1457.0,1997,4,14.0,0.466666666666667,9.0
654424,CH_SLF,Splugen,9.32862053277014,46.5546093589044,1457.0,1997,5,8.0,0.32258064516129,5.0
654425,CH_SLF,Splugen,9.32862053277014,46.5546093589044,1457.0,1997,6,,0.0,0.0
654426,CH_SLF,Splugen,9.32862053277014,46.5546093589044,1457.0,1997,7,,,
654427,CH_SLF,Splugen,9.32862053277014,46.5546093589044,1457.0,1997,8,,,
654428,CH_SLF,Splugen,9.32862053277014,46.5546093589044,1457.0,1997,9,,,
654429,CH_SLF,Splugen,9.32862053277014,46.5546093589044,1457.0,1997,10,0.0,0.0,0.0
654430,CH_SLF,Splugen,9.32862053277014,46.5546093589044,1457.0,1997,11,22.0,11.5,20.0
654431,CH_SLF,Splugen,9.32862053277014,46.5546093589044,1457.0,1997,12,57.0,24.9032258064516,30.0
654432,CH_SLF,Splugen,9.32862053277014,46.5546093589044,1457.0,1998,1,79.0,47.3225806451613,60.0
654433,CH_SLF,Splugen,9.32862053277014,46.5546093589044,1457.0,1998,2,9.0,49.0,53.0
654434,CH_SLF,Splugen,9.32862053277014,46.5546093589044,1457.0,1998,3,17.0,25.1935483870968,41.0
654435,CH_SLF,Splugen,9.32862053277014,46.5546093589044,1457.0,1998,4,181.0,29.6333333333333,70.0
654436,CH_SLF,Splugen,9.32862053277014,46.5546093589044,1457.0,1998,5,0.0,0.0,0.0
654437,CH_SLF,Splugen,9.32862053277014,46.5546093589044,1457.0,1998,6,,0.0,0.0
654438,CH_SLF,Splugen,9.32862053277014,46.5546093589044,1457.0,1998,7,,,
654439,CH_SLF,Splugen,9.32862053277014,46.5546093589044,1457.0,1998,8,,,
654440,CH_SLF,Splugen,9.32862053277014,46.5546093589044,1457.0,1998,9,,,
654441,CH_SLF,Splugen,9.32862053277014,46.5546093589044,1457.0,1998,10,12.0,0.387096774193548,12.0
654442,CH_SLF,Splugen,9.32862053277014,46.5546093589044,1457.0,1998,11,21.0,4.1,14.0
654443,CH_SLF,Splugen,9.32862053277014,46.5546093589044,1457.0,1998,12,17.0,13.0,19.0
654444,CH_SLF,Splugen,9.32862053277014,46.5546093589044,1457.0,1999,1,108.0,33.258064516129,97.0
654445,CH_SLF,Splugen,9.32862053277014,46.5546093589044,1457.0,1999,2,139.0,80.9285714285714,97.0
654446,CH_SLF,Splugen,9.32862053277014,46.5546093589044,1457.0,1999,3,80.0,89.0322580645161,131.0
654447,CH_SLF,Splugen,9.32862053277014,46.5546093589044,1457.0,1999,4,105.0,40.8333333333333,101.0
654448,CH_SLF,Splugen,9.32862053277014,46.5546093589044,1457.0,1999,5,0.0,0.0,0.0
654449,CH_SLF,Splugen,9.32862053277014,46.5546093589044,1457.0,1999,6,,13.25,371.0
654450,CH_SLF,Splugen,9.32862053277014,46.5546093589044,1457.0,1999,7,,,
654451,CH_SLF,Splugen,9.32862053277014,46.5546093589044,1457.0,1999,8,,,
654452,CH_SLF,Splugen,9.32862053277014,46.5546093589044,1457.0,1999,9,,,
654453,CH_SLF,Splugen,9.32862053277014,46.5546093589044,1457.0,1999,10,18.0,0.741935483870968,15.0
654454,CH_SLF,Splugen,9.32862053277014,46.5546093589044,1457.0,1999,11,21.0,6.1,10.0
654455,CH_SLF,Splugen,9.32862053277014,46.5546093589044,1457.0,1999,12,102.0,30.3870967741936,68.0
654456,CH_SLF,Splugen,9.32862053277014,46.5546093589044,1457.0,2000,1,22.0,48.3548387096774,62.0
654457,CH_SLF,Splugen,9.32862053277014,46.5546093589044,1457.0,2000,2,36.0,61.551724137931,79.0
654458,CH_SLF,Splugen,9.32862053277014,46.5546093589044,1457.0,2000,3,68.0,48.4838709677419,70.0
654459,CH_SLF,Splugen,9.32862053277014,46.5546093589044,1457.0,2000,4,51.0,22.1,46.0
654460,CH_SLF,Splugen,9.32862053277014,46.5546093589044,1457.0,2000,5,0.0,0.0,0.0
654461,CH_SLF,Splugen,9.32862053277014,46.5546093589044,1457.0,2000,6,,0.0,0.0
654462,CH_SLF,Splugen,9.32862053277014,46.5546093589044,1457.0,2000,7,,,
654463,CH_SLF,Splugen,9.32862053277014,46.5546093589044,1457.0,2000,8,,,
654464,CH_SLF,Splugen,9.32862053277014,46.5546093589044,1457.0,2000,9,,,
654465,CH_SLF,Splugen,9.32862053277014,46.5546093589044,1457.0,2000,10,0.0,0.0,0.0
654466,CH_SLF,Splugen,9.32862053277014,46.5546093589044,1457.0,2000,11,172.0,32.9333333333333,58.0
654467,CH_SLF,Splugen,9.32862053277014,46.5546093589044,1457.0,2000,12,31.0,22.8064516129032,38.0
654468,CH_SLF,Splugen,9.32862053277014,46.5546093589044,1457.0,2001,1,111.0,57.1935483870968,75.0
654469,CH_SLF,Splugen,9.32862053277014,46.5546093589044,1457.0,2001,2,66.0,69.2142857142857,89.0
654470,CH_SLF,Splugen,9.32862053277014,46.5546093589044,1457.0,2001,3,75.0,49.4516129032258,78.0
654471,CH_SLF,Splugen,9.32862053277014,46.5546093589044,1457.0,2001,4,54.0,5.83333333333333,22.0
654472,CH_SLF,Splugen,9.32862053277014,46.5546093589044,1457.0,2001,5,0.0,0.0,0.0
654473,CH_SLF,Splugen,9.32862053277014,46.5546093589044,1457.0,2001,6,,0.0,0.0
654474,CH_SLF,Splugen,9.32862053277014,46.5546093589044,1457.0,2001,7,,,
654475,CH_SLF,Splugen,9.32862053277014,46.5546093589044,1457.0,2001,8,,,
654476,CH_SLF,Splugen,9.32862053277014,46.5546093589044,1457.0,2001,9,,0.1,1.0
654477,CH_SLF,Splugen,9.32862053277014,46.5546093589044,1457.0,2001,10,0.0,0.0,0.0
654478,CH_SLF,Splugen,9.32862053277014,46.5546093589044,1457.0,2001,11,29.0,3.56666666666667,14.0
654479,CH_SLF,Splugen,9.32862053277014,46.5546093589044,1457.0,2001,12,9.0,7.87096774193548,11.0
654480,CH_SLF,Splugen,9.32862053277014,46.5546093589044,1457.0,2002,1,9.0,11.9677419354839,18.0
654481,CH_SLF,Splugen,9.32862053277014,46.5546093589044,1457.0,2002,2,67.0,34.0714285714286,50.0
654482,CH_SLF,Splugen,9.32862053277014,46.5546093589044,1457.0,2002,3,68.0,23.258064516129,65.0
654483,CH_SLF,Splugen,9.32862053277014,46.5546093589044,1457.0,2002,4,7.0,0.266666666666667,5.0
654484,CH_SLF,Splugen,9.32862053277014,46.5546093589044,1457.0,2002,5,36.0,1.80645161290323,31.0
654485,CH_SLF,Splugen,9.32862053277014,46.5546093589044,1457.0,2002,6,,0.0,0.0
654486,CH_SLF,Splugen,9.32862053277014,46.5546093589044,1457.0,2002,7,,,
654487,CH_SLF,Splugen,9.32862053277014,46.5546093589044,1457.0,2002,8,,,
654488,CH_SLF,Splugen,9.32862053277014,46.5546093589044,1457.0,2002,9,,0.133333333333333,3.0
654489,CH_SLF,Splugen,9.32862053277014,46.5546093589044,1457.0,2002,10,3.0,0.161290322580645,3.0
654490,CH_SLF,Splugen,9.32862053277014,46.5546093589044,1457.0,2002,11,52.0,5.2,22.0
654491,CH_SLF,Splugen,9.32862053277014,46.5546093589044,1457.0,2002,12,39.0,14.3548387096774,22.0
654492,CH_SLF,Splugen,9.32862053277014,46.5546093589044,1457.0,2003,1,52.0,30.4193548387097,51.0
654493,CH_SLF,Splugen,9.32862053277014,46.5546093589044,1457.0,2003,2,24.0,48.8571428571429,63.0
654494,CH_SLF,Splugen,9.32862053277014,46.5546093589044,1457.0,2003,3,7.0,16.3870967741935,36.0
654495,CH_SLF,Splugen,9.32862053277014,46.5546093589044,1457.0,2003,4,8.0,0.333333333333333,4.0
654496,CH_SLF,Splugen,9.32862053277014,46.5546093589044,1457.0,2003,5,0.0,0.0,0.0
654497,CH_SLF,Splugen,9.32862053277014,46.5546093589044,1457.0,2003,6,,,
654498,CH_SLF,Splugen,9.32862053277014,46.5546093589044,1457.0,2003,7,,,
654499,CH_SLF,Splugen,9.32862053277014,46.5546093589044,1457.0,2003,8,,,
654500,CH_SLF,Splugen,9.32862053277014,46.5546093589044,1457.0,2003,9,,0.0,0.0
654501,CH_SLF,Splugen,9.32862053277014,46.5546093589044,1457.0,2003,10,22.0,1.48387096774194,20.0
654502,CH_SLF,Splugen,9.32862053277014,46.5546093589044,1457.0,2003,11,30.0,1.96666666666667,20.0
654503,CH_SLF,Splugen,9.32862053277014,46.5546093589044,1457.0,2003,12,97.0,11.7741935483871,67.0
654504,CH_SLF,Splugen,9.32862053277014,46.5546093589044,1457.0,2004,1,93.0,54.1935483870968,65.0
654505,CH_SLF,Splugen,9.32862053277014,46.5546093589044,1457.0,2004,2,44.0,57.3103448275862,64.0
654506,CH_SLF,Splugen,9.32862053277014,46.5546093589044,1457.0,2004,3,57.0,54.6451612903226,79.0
654507,CH_SLF,Splugen,9.32862053277014,46.5546093589044,1457.0,2004,4,37.0,5.53333333333333,30.0
654508,CH_SLF,Splugen,9.32862053277014,46.5546093589044,1457.0,2004,5,19.0,1.06451612903226,19.0
654509,CH_SLF,Splugen,9.32862053277014,46.5546093589044,1457.0,2004,6,,0.0,0.0
654510,CH_SLF,Splugen,9.32862053277014,46.5546093589044,1457.0,2004,7,,,
654511,CH_SLF,Splugen,9.32862053277014,46.5546093589044,1457.0,2004,8,,,
654512,CH_SLF,Splugen,9.32862053277014,46.5546093589044,1457.0,2004,9,,0.0,0.0
654513,CH_SLF,Splugen,9.32862053277014,46.5546093589044,1457.0,2004,10,16.0,0.774193548387097,15.0
654514,CH_SLF,Splugen,9.32862053277014,46.5546093589044,1457.0,2004,11,14.0,1.86666666666667,7.0
654515,CH_SLF,Splugen,9.32862053277014,46.5546093589044,1457.0,2004,12,75.0,17.3548387096774,50.0
654516,CH_SLF,Splugen,9.32862053277014,46.5546093589044,1457.0,2005,1,41.0,37.3225806451613,52.0
654517,CH_SLF,Splugen,9.32862053277014,46.5546093589044,1457.0,2005,2,33.0,47.7142857142857,57.0
654518,CH_SLF,Splugen,9.32862053277014,46.5546093589044,1457.0,2005,3,3.0,30.0322580645161,48.0
654519,CH_SLF,Splugen,9.32862053277014,46.5546093589044,1457.0,2005,4,37.0,1.7,20.0
654520,CH_SLF,Splugen,9.32862053277014,46.5546093589044,1457.0,2005,5,0.0,0.0,0.0
654521,CH_SLF,Splugen,9.32862053277014,46.5546093589044,1457.0,2005,6,,,
654522,CH_SLF,Splugen,9.32862053277014,46.5546093589044,1457.0,2005,7,,,
654523,CH_SLF,Splugen,9.32862053277014,46.5546093589044,1457.0,2005,8,,,
654524,CH_SLF,Splugen,9.32862053277014,46.5546093589044,1457.0,2005,9,,0.0,0.0
654525,CH_SLF,Splugen,9.32862053277014,46.5546093589044,1457.0,2005,10,10.0,0.32258064516129,10.0
654526,CH_SLF,Splugen,9.32862053277014,46.5546093589044,1457.0,2005,11,13.0,1.6,8.0
654527,CH_SLF,Splugen,9.32862053277014,46.5546093589044,1457.0,2005,12,89.0,32.1290322580645,50.0
654528,CH_SLF,Splugen,9.32862053277014,46.5546093589044,1457.0,2006,1,55.0,43.1612903225807,77.0
654529,CH_SLF,Splugen,9.32862053277014,46.5546093589044,1457.0,2006,2,84.0,67.8571428571429,105.0
654530,CH_SLF,Splugen,9.32862053277014,46.5546093589044,1457.0,2006,3,43.0,74.6774193548387,90.0
654531,CH_SLF,Splugen,9.32862053277014,46.5546093589044,1457.0,2006,4,33.0,9.76666666666667,34.0
654532,CH_SLF,Splugen,9.32862053277014,46.5546093589044,1457.0,2006,5,0.0,0.0,0.0
654533,CH_SLF,Splugen,9.32862053277014,46.5546093589044,1457.0,2006,6,,,
654534,CH_SLF,Splugen,9.32862053277014,46.5546093589044,1457.0,2006,7,,,
654535,CH_SLF,Splugen,9.32862053277014,46.5546093589044,1457.0,2006,8,,,
654536,CH_SLF,Splugen,9.32862053277014,46.5546093589044,1457.0,2006,9,,0.0,0.0
654537,CH_SLF,Splugen,9.32862053277014,46.5546093589044,1457.0,2006,10,0.0,0.0,0.0
654538,CH_SLF,Splugen,9.32862053277014,46.5546093589044,1457.0,2006,11,5.0,0.366666666666667,5.0
654539,CH_SLF,Splugen,9.32862053277014,46.5546093589044,1457.0,2006,12,53.0,11.0967741935484,30.0
654540,CH_SLF,Splugen,9.32862053277014,46.5546093589044,1457.0,2007,1,54.0,14.5161290322581,30.0
654541,CH_SLF,Splugen,9.32862053277014,46.5546093589044,1457.0,2007,2,47.0,26.6071428571429,42.0
654542,CH_SLF,Splugen,9.32862053277014,46.5546093589044,1457.0,2007,3,26.0,9.51612903225806,31.0
654543,CH_SLF,Splugen,9.32862053277014,46.5546093589044,1457.0,2007,4,0.0,0.0,0.0
654544,CH_SLF,Splugen,9.32862053277014,46.5546093589044,1457.0,2007,5,6.0,0.193548387096774,6.0
654545,CH_SLF,Splugen,9.32862053277014,46.5546093589044,1457.0,2007,6,,0.0,0.0
654546,CH_SLF,Splugen,9.32862053277014,46.5546093589044,1457.0,2007,7,,,
654547,CH_SLF,Splugen,9.32862053277014,46.5546093589044,1457.0,2007,8,,,
654548,CH_SLF,Splugen,9.32862053277014,46.5546093589044,1457.0,2007,9,,0.733333333333333,12.0
654549,CH_SLF,Splugen,9.32862053277014,46.5546093589044,1457.0,2007,10,1.0,0.032258064516129,1.0
654550,CH_SLF,Splugen,9.32862053277014,46.5546093589044,1457.0,2007,11,54.0,8.73333333333333,31.0
654551,CH_SLF,Splugen,9.32862053277014,46.5546093589044,1457.0,2007,12,52.0,15.5161290322581,24.0
654552,CH_SLF,Splugen,9.32862053277014,46.5546093589044,1457.0,2008,1,98.0,41.7741935483871,64.0
654553,CH_SLF,Splugen,9.32862053277014,46.5546093589044,1457.0,2008,2,43.0,62.7241379310345,81.0
654554,CH_SLF,Splugen,9.32862053277014,46.5546093589044,1457.0,2008,3,62.0,39.8387096774194,68.0
654555,CH_SLF,Splugen,9.32862053277014,46.5546093589044,1457.0,2008,4,73.0,11.4666666666667,39.0
654556,CH_SLF,Splugen,9.32862053277014,46.5546093589044,1457.0,2008,5,29.0,1.25806451612903,23.0
654557,CH_SLF,Splugen,9.32862053277014,46.5546093589044,1457.0,2008,6,,0.0,0.0
654558,CH_SLF,Splugen,9.32862053277014,46.5546093589044,1457.0,2008,7,,,
654559,CH_SLF,Splugen,9.32862053277014,46.5546093589044,1457.0,2008,8,,,
654560,CH_SLF,Splugen,9.32862053277014,46.5546093589044,1457.0,2008,9,,0.0,0.0
654561,CH_SLF,Splugen,9.32862053277014,46.5546093589044,1457.0,2008,10,35.0,1.80645161290323,29.0
654562,CH_SLF,Splugen,9.32862053277014,46.5546093589044,1457.0,2008,11,116.0,16.6333333333333,65.0
654563,CH_SLF,Splugen,9.32862053277014,46.5546093589044,1457.0,2008,12,153.0,83.741935483871,110.0
654564,CH_SLF,Splugen,9.32862053277014,46.5546093589044,1457.0,2009,1,78.0,90.8064516129032,116.0
654565,CH_SLF,Splugen,9.32862053277014,46.5546093589044,1457.0,2009,2,140.0,134.035714285714,160.0
654566,CH_SLF,Splugen,9.32862053277014,46.5546093589044,1457.0,2009,3,90.0,123.741935483871,143.0
654567,CH_SLF,Splugen,9.32862053277014,46.5546093589044,1457.0,2009,4,32.0,40.5666666666667,110.0
654568,CH_SLF,Splugen,9.32862053277014,46.5546093589044,1457.0,2009,5,0.0,0.0,0.0
654569,CH_SLF,Splugen,9.32862053277014,46.5546093589044,1457.0,2009,6,,0.0,0.0
654570,CH_SLF,Splugen,9.32862053277014,46.5546093589044,1457.0,2009,7,,,
654571,CH_SLF,Splugen,9.32862053277014,46.5546093589044,1457.0,2009,8,,,
654572,CH_SLF,Splugen,9.32862053277014,46.5546093589044,1457.0,2009,9,,0.0,0.0
654573,CH_SLF,Splugen,9.32862053277014,46.5546093589044,1457.0,2009,10,5.0,0.161290322580645,2.0
654574,CH_SLF,Splugen,9.32862053277014,46.5546093589044,1457.0,2009,11,28.0,2.2,14.0
654575,CH_SLF,Splugen,9.32862053277014,46.5546093589044,1457.0,2009,12,103.0,32.741935483871,48.0
654576,CH_SLF,Splugen,9.32862053277014,46.5546093589044,1457.0,2010,1,49.0,46.1935483870968,64.0
654577,CH_SLF,Splugen,9.32862053277014,46.5546093589044,1457.0,2010,2,31.0,55.3571428571429,60.0
654578,CH_SLF,Splugen,9.32862053277014,46.5546093589044,1457.0,2010,3,24.0,44.0967741935484,58.0
654579,CH_SLF,Splugen,9.32862053277014,46.5546093589044,1457.0,2010,4,52.0,7.36666666666667,35.0
654580,CH_SLF,Splugen,9.32862053277014,46.5546093589044,1457.0,2010,5,37.0,1.48387096774194,32.0
654581,CH_SLF,Splugen,9.32862053277014,46.5546093589044,1457.0,2010,6,,0.0,0.0
654582,CH_SLF,Splugen,9.32862053277014,46.5546093589044,1457.0,2010,7,,,
654583,CH_SLF,Splugen,9.32862053277014,46.5546093589044,1457.0,2010,8,,,
654584,CH_SLF,Splugen,9.32862053277014,46.5546093589044,1457.0,2010,9,,0.1,2.0
654585,CH_SLF,Splugen,9.32862053277014,46.5546093589044,1457.0,2010,10,36.0,2.7741935483871,26.0
654586,CH_SLF,Splugen,9.32862053277014,46.5546093589044,1457.0,2010,11,123.0,18.0666666666667,43.0
654587,CH_SLF,Splugen,9.32862053277014,46.5546093589044,1457.0,2010,12,35.0,24.0645161290323,40.0
654588,CH_SLF,Splugen,9.32862053277014,46.5546093589044,1457.0,2011,1,7.0,13.741935483871,21.0
654589,CH_SLF,Splugen,9.32862053277014,46.5546093589044,1457.0,2011,2,31.0,14.3571428571429,24.0
654590,CH_SLF,Splugen,9.32862053277014,46.5546093589044,1457.0,2011,3,2.0,7.45161290322581,20.0
654591,CH_SLF,Splugen,9.32862053277014,46.5546093589044,1457.0,2011,4,1.0,0.0333333333333333,1.0
654592,CH_SLF,Splugen,9.32862053277014,46.5546093589044,1457.0,2011,5,0.0,0.0,0.0
654593,CH_SLF,Splugen,9.32862053277014,46.5546093589044,1457.0,2011,6,,0.0,0.0
654594,CH_SLF,Splugen,9.32862053277014,46.5546093589044,1457.0,2011,7,,,
654595,CH_SLF,Splugen,9.32862053277014,46.5546093589044,1457.0,2011,8,,,
654596,CH_SLF,Splugen,9.32862053277014,46.5546093589044,1457.0,2011,9,,1.26666666666667,19.0
654597,CH_SLF,Splugen,9.32862053277014,46.5546093589044,1457.0,2011,10,24.0,0.806451612903226,18.0
654598,CH_SLF,Splugen,9.32862053277014,46.5546093589044,1457.0,2011,11,0.0,0.0,0.0
654599,CH_SLF,Splugen,9.32862053277014,46.5546093589044,1457.0,2011,12,115.0,23.0645161290323,54.0
654600,CH_SLF,Splugen,9.32862053277014,46.5546093589044,1457.0,2012,1,179.0,87.3225806451613,117.0
654601,CH_SLF,Splugen,9.32862053277014,46.5546093589044,1457.0,2012,2,23.0,96.8965517241379,107.0
654602,CH_SLF,Splugen,9.32862053277014,46.5546093589044,1457.0,2012,3,49.0,76.1290322580645,99.0
654603,CH_SLF,Splugen,9.32862053277014,46.5546093589044,1457.0,2012,4,81.0,6.96666666666667,31.0
654604,CH_SLF,Splugen,9.32862053277014,46.5546093589044,1457.0,2012,5,4.0,0.129032258064516,3.0
654605,CH_SLF,Splugen,9.32862053277014,46.5546093589044,1457.0,2012,6,,0.1,3.0
654606,CH_SLF,Splugen,9.32862053277014,46.5546093589044,1457.0,2012,7,,,
654607,CH_SLF,Splugen,9.32862053277014,46.5546093589044,1457.0,2012,8,,,
654608,CH_SLF,Splugen,9.32862053277014,46.5546093589044,1457.0,2012,9,,0.0,0.0
654609,CH_SLF,Splugen,9.32862053277014,46.5546093589044,1457.0,2012,10,37.0,2.16129032258065,20.0
654610,CH_SLF,Splugen,9.32862053277014,46.5546093589044,1457.0,2012,11,35.0,1.93333333333333,25.0
654611,CH_SLF,Splugen,9.32862053277014,46.5546093589044,1457.0,2012,12,81.0,24.3225806451613,38.0
654612,CH_SLF,Splugen,9.32862053277014,46.5546093589044,1457.0,2013,1,70.0,35.5161290322581,65.0
654613,CH_SLF,Splugen,9.32862053277014,46.5546093589044,1457.0,2013,2,52.0,52.8928571428572,60.0
654614,CH_SLF,Splugen,9.32862053277014,46.5546093589044,1457.0,2013,3,36.0,39.7741935483871,55.0
654615,CH_SLF,Splugen,9.32862053277014,46.5546093589044,1457.0,2013,4,54.0,12.2333333333333,46.0
654616,CH_SLF,Splugen,9.32862053277014,46.5546093589044,1457.0,2013,5,15.0,0.483870967741936,10.0
654617,CH_SLF,Splugen,9.32862053277014,46.5546093589044,1457.0,2013,6,,,
654618,CH_SLF,Splugen,9.32862053277014,46.5546093589044,1457.0,2013,7,,,
654619,CH_SLF,Splugen,9.32862053277014,46.5546093589044,1457.0,2013,8,,,
654620,CH_SLF,Splugen,9.32862053277014,46.5546093589044,1457.0,2013,9,,0.0,0.0
654621,CH_SLF,Splugen,9.32862053277014,46.5546093589044,1457.0,2013,10,70.0,5.96774193548387,40.0
654622,CH_SLF,Splugen,9.32862053277014,46.5546093589044,1457.0,2013,11,71.0,9.0,27.0
654623,CH_SLF,Splugen,9.32862053277014,46.5546093589044,1457.0,2013,12,76.0,17.3870967741936,67.0
654624,CH_SLF,Splugen,9.32862053277014,46.5546093589044,1457.0,2014,1,130.0,62.9032258064516,100.0
654625,CH_SLF,Splugen,9.32862053277014,46.5546093589044,1457.0,2014,2,168.0,116.75,143.0
654626,CH_SLF,Splugen,9.32862053277014,46.5546093589044,1457.0,2014,3,51.0,103.548387096774,136.0
654627,CH_SLF,Splugen,9.32862053277014,46.5546093589044,1457.0,2014,4,8.0,15.2333333333333,66.0
654628,CH_SLF,Splugen,9.32862053277014,46.5546093589044,1457.0,2014,5,2.0,0.0645161290322581,2.0
654629,CH_SLF,Splugen,9.32862053277014,46.5546093589044,1457.0,2014,6,,,
654630,CH_SLF,Splugen,9.32862053277014,46.5546093589044,1457.0,2014,7,,,
654631,CH_SLF,Splugen,9.32862053277014,46.5546093589044,1457.0,2014,8,,,
654632,CH_SLF,Splugen,9.32862053277014,46.5546093589044,1457.0,2014,9,,0.0,0.0
654633,CH_SLF,Splugen,9.32862053277014,46.5546093589044,1457.0,2014,10,19.0,1.16129032258065,18.0
654634,CH_SLF,Splugen,9.32862053277014,46.5546093589044,1457.0,2014,11,57.0,4.63333333333333,45.0
654635,CH_SLF,Splugen,9.32862053277014,46.5546093589044,1457.0,2014,12,20.0,1.0,7.0
654636,CH_SLF,Splugen,9.32862053277014,46.5546093589044,1457.0,2015,1,42.0,11.8709677419355,25.0
654637,CH_SLF,Splugen,9.32862053277014,46.5546093589044,1457.0,2015,2,63.0,29.1071428571429,61.0
654638,CH_SLF,Splugen,9.32862053277014,46.5546093589044,1457.0,2015,3,18.0,27.3548387096774,47.0
654639,CH_SLF,Splugen,9.32862053277014,46.5546093589044,1457.0,2015,4,14.0,0.466666666666667,6.0
654640,CH_SLF,Splugen,9.32862053277014,46.5546093589044,1457.0,2015,5,10.0,0.32258064516129,10.0
654641,CH_SLF,Splugen,9.32862053277014,46.5546093589044,1457.0,2015,6,,,
654642,CH_SLF,Splugen,9.32862053277014,46.5546093589044,1457.0,2015,7,,,
654643,CH_SLF,Splugen,9.32862053277014,46.5546093589044,1457.0,2015,8,,,
654644,CH_SLF,Splugen,9.32862053277014,46.5546093589044,1457.0,2015,9,,0.0,0.0
654645,CH_SLF,Splugen,9.32862053277014,46.5546093589044,1457.0,2015,10,27.0,1.32258064516129,13.0
654646,CH_SLF,Splugen,9.32862053277014,46.5546093589044,1457.0,2015,11,3.0,0.266666666666667,2.0
654647,CH_SLF,Splugen,9.32862053277014,46.5546093589044,1457.0,2015,12,0.0,0.0,0.0
654648,CH_SLF,Splugen,9.32862053277014,46.5546093589044,1457.0,2016,1,29.0,6.96774193548387,10.0
654649,CH_SLF,Splugen,9.32862053277014,46.5546093589044,1457.0,2016,2,82.0,31.4827586206897,49.0
654650,CH_SLF,Splugen,9.32862053277014,46.5546093589044,1457.0,2016,3,99.0,48.8387096774194,104.0
654651,CH_SLF,Splugen,9.32862053277014,46.5546093589044,1457.0,2016,4,43.0,2.4,19.0
654652,CH_SLF,Splugen,9.32862053277014,46.5546093589044,1457.0,2016,5,0.0,0.0,0.0
654653,CH_SLF,Splugen,9.32862053277014,46.5546093589044,1457.0,2016,6,,0.1,3.0
654654,CH_SLF,Splugen,9.32862053277014,46.5546093589044,1457.0,2016,7,,,
654655,CH_SLF,Splugen,9.32862053277014,46.5546093589044,1457.0,2016,8,,,
654656,CH_SLF,Splugen,9.32862053277014,46.5546093589044,1457.0,2016,9,,0.0,0.0
654657,CH_SLF,Splugen,9.32862053277014,46.5546093589044,1457.0,2016,10,2.0,0.0645161290322581,2.0
654658,CH_SLF,Splugen,9.32862053277014,46.5546093589044,1457.0,2016,11,28.0,3.93333333333333,16.0
654659,CH_SLF,Splugen,9.32862053277014,46.5546093589044,1457.0,2016,12,2.0,0.0967741935483871,1.0
654660,CH_SLF,Splugen,9.32862053277014,46.5546093589044,1457.0,2017,1,31.0,10.1935483870968,18.0
654661,CH_SLF,Splugen,9.32862053277014,46.5546093589044,1457.0,2017,2,61.0,18.75,34.0
654662,CH_SLF,Splugen,9.32862053277014,46.5546093589044,1457.0,2017,3,66.0,22.9677419354839,55.0
654663,CH_SLF,Splugen,9.32862053277014,46.5546093589044,1457.0,2017,4,59.0,3.93333333333333,47.0
654664,CH_SLF,Splugen,9.32862053277014,46.5546093589044,1457.0,2017,5,6.0,0.516129032258065,10.0
654665,CH_SLF,Splugen,9.32862053277014,46.5546093589044,1457.0,2017,6,,0.0,0.0
654666,CH_SLF,Splugen,9.32862053277014,46.5546093589044,1457.0,2017,7,,,
654667,CH_SLF,Splugen,9.32862053277014,46.5546093589044,1457.0,2017,8,,,
654668,CH_SLF,Splugen,9.32862053277014,46.5546093589044,1457.0,2017,9,,0.4,6.0
654669,CH_SLF,Splugen,9.32862053277014,46.5546093589044,1457.0,2017,10,0.0,0.0,0.0
654670,CH_SLF,Splugen,9.32862053277014,46.5546093589044,1457.0,2017,11,44.0,5.26666666666667,15.0
654671,CH_SLF,Splugen,9.32862053277014,46.5546093589044,1457.0,2017,12,105.0,24.8709677419355,62.0
654672,CH_SLF,Splugen,9.32862053277014,46.5546093589044,1457.0,2018,1,177.0,72.9354838709678,112.0
654673,CH_SLF,Splugen,9.32862053277014,46.5546093589044,1457.0,2018,2,38.0,90.9642857142857,100.0
654674,CH_SLF,Splugen,9.32862053277014,46.5546093589044,1457.0,2018,3,49.0,83.8064516129032,101.0
654675,CH_SLF,Splugen,9.32862053277014,46.5546093589044,1457.0,2018,4,13.0,20.9666666666667,73.0
654676,CH_SLF,Splugen,9.32862053277014,46.5546093589044,1457.0,2018,5,0.0,0.0,0.0
654677,CH_SLF,Splugen,9.32862053277014,46.5546093589044,1457.0,2018,6,,0.0,0.0
654678,CH_SLF,Splugen,9.32862053277014,46.5546093589044,1457.0,2018,7,,,
654679,CH_SLF,Splugen,9.32862053277014,46.5546093589044,1457.0,2018,8,,,
654680,CH_SLF,Splugen,9.32862053277014,46.5546093589044,1457.0,2018,9,,0.0,0.0
654681,CH_SLF,Splugen,9.32862053277014,46.5546093589044,1457.0,2018,10,59.0,4.25806451612903,59.0
654682,CH_SLF,Splugen,9.32862053277014,46.5546093589044,1457.0,2018,11,11.0,2.33333333333333,15.0
654683,CH_SLF,Splugen,9.32862053277014,46.5546093589044,1457.0,2018,12,95.0,25.1935483870968,59.0
654684,CH_SLF,Splugen,9.32862053277014,46.5546093589044,1457.0,2019,1,130.0,57.4516129032258,93.0
654685,CH_SLF,Splugen,9.32862053277014,46.5546093589044,1457.0,2019,2,58.0,80.3571428571429,99.0
654686,CH_SLF,Splugen,9.32862053277014,46.5546093589044,1457.0,2019,3,71.0,55.7741935483871,85.0
654687,CH_SLF,Splugen,9.32862053277014,46.5546093589044,1457.0,2019,4,36.0,13.9666666666667,44.0
654688,CH_SLF,Splugen,9.32862053277014,46.5546093589044,1457.0,2019,5,4.0,0.129032258064516,4.0
654689,CH_SLF,Splugen,9.32862053277014,46.5546093589044,1457.0,2019,6,,0.0,0.0
654690,CH_SLF,Splugen,9.32862053277014,46.5546093589044,1457.0,2019,7,,,
654691,CH_SLF,Splugen,9.32862053277014,46.5546093589044,1457.0,2019,8,,,
654692,CH_SLF,Splugen,9.32862053277014,46.5546093589044,1457.0,2019,9,,0.0,0.0
654693,CH_SLF,Splugen,9.32862053277014,46.5546093589044,1457.0,2019,10,,,
654694,CH_SLF,Splugen,9.32862053277014,46.5546093589044,1457.0,2019,11,,,
654695,CH_SLF,Splugen,9.32862053277014,46.5546093589044,1457.0,2019,12,,,
